topic,rank,term
0,1,data
0,2,delivery
0,3,learning
0,4,team
0,5,based
0,6,technical
0,7,exposure
0,8,environment
0,9,tools
0,10,cloud
0,11,role
0,12,application
1,1,business
1,2,support
1,3,delivery
1,4,configuration
1,5,solutions
1,6,packaged
1,7,based
1,8,systems
1,9,processes
1,10,team
1,11,role
1,12,project
2,1,design
2,2,ai
2,3,engineering
2,4,development
2,5,systems
2,6,test
2,7,hardware
2,8,technology
2,9,knowledge
2,10,ll
2,11,computer
2,12,data
3,1,business
3,2,clients
3,3,ability
3,4,consulting
3,5,data
3,6,role
3,7,development
3,8,cloud
3,9,solutions
3,10,career
3,11,client
3,12,impact
4,1,product
4,2,software
4,3,design
4,4,ai
4,5,solutions
4,6,data
4,7,technical
4,8,team
4,9,business
4,10,clients
4,11,ll
4,12,client
5,1,development
5,2,quantum
5,3,software
5,4,world
5,5,computing
5,6,new
5,7,design
5,8,research
5,9,hardware
5,10,engineering
5,11,technology
5,12,knowledge
